<?xml version="1.0"?>
<!DOCTYPE look-and-feel PUBLIC "-//Liferay//DTD Look and Feel 7.2.0//EN" "http://www.liferay.com/dtd/liferay-look-and-feel_7_2_0.dtd">

<look-and-feel>
	<compatibility>
		<version>7.2.0+</version>
	</compatibility>
	<theme id="ngs-medicare-theme" name="ngs-medicare-theme">
		<template-extension>ftl</template-extension>
			<settings>
			<setting configurable="false" key="color-palette" value="primary,success,danger,warning,info,dark,gray-dark,secondary,light,lighter,white" />
			<setting configurable="true" key="show-footer" type="checkbox" value="true" />
			<setting configurable="true" key="show-header" type="checkbox" value="true" />
			<setting configurable="true" key="show-top-header" type="checkbox" value="true" />
			<setting configurable="true" key="show-main-navigation-in-full-screen" type="checkbox" value="false" />
			<setting configurable="false" key="show-site-name-default" value="true" />
			<setting configurable="false" key="show-site-name-supported" value="true" />
			<setting configurable="true" key="logo-height" value="40px" />
			<setting configurable="true" key="logo-width" value="150px" />
			<setting configurable="true" key="youtube-icon" type="checkbox" value="true" />
			<setting configurable="true" key="youtube-icon-link-url" value="https://www.youtube.com/user/NGSMedicare" />
			<setting configurable="true" key="twitter-icon" type="checkbox" value="true" />
			<setting configurable="true" key="twitter-icon-link-url" value="https://www.twitter.com/ngsmedicare" />
			<setting configurable="true" key="show-cms-logo" type="checkbox" value="true" />
			<setting configurable="true" key="cms-url" value="https://www.cms.gov" />
		</settings>
		<portlet-decorator id="barebone" name="Barebone">
			<default-portlet-decorator>true</default-portlet-decorator>
			<portlet-decorator-css-class>portlet-barebone</portlet-decorator-css-class>
		</portlet-decorator>
		<portlet-decorator id="borderless" name="Borderless">
			<portlet-decorator-css-class>portlet-borderless</portlet-decorator-css-class>
		</portlet-decorator>
		<portlet-decorator id="decorate" name="Decorate">
			<portlet-decorator-css-class>portlet-decorate</portlet-decorator-css-class>
		</portlet-decorator>
	</theme>
</look-and-feel>
